Symbol,Name,LastSale,MarketCap,IPOyear,Sector,industry,Summary Quote,
XXII,22nd Century Group Inc.,2.21,$274.34M,n/a,Consumer Non-Durables,Farming/Seeds/Milling,https://www.nasdaq.com/symbol/xxii,
FAX,Aberdeen Asia-Pacific Income Fund Inc,4.72,$1.19B,1986,n/a,n/a,https://www.nasdaq.com/symbol/fax,
IAF,Aberdeen Australia Equity Fund Inc,6.09,$138.5M,n/a,n/a,n/a,https://www.nasdaq.com/symbol/iaf,
CH,Aberdeen Chile Fund Inc..,8.85,$82.82M,n/a,n/a,n/a,https://www.nasdaq.com/symbol/ch,
ABE           ,Aberdeen Emerging Markets Smaller Company Opportunities Fund I,14.53,$137.81M,n/a,n/a,n/a,https://www.nasdaq.com/symbol/abe,
FCO,Aberdeen Global Income Fund Inc..,8.52,$74.34M,1992,n/a,n/a,https://www.nasdaq.com/symbol/fco,
IF,Aberdeen Indonesia Fund Inc..,7.2,$66.65M,1990,n/a,n/a,https://www.nasdaq.com/symbol/if,
ISL,Aberdeen Israel Fund Inc..,19.4754,$76.84M,1992,n/a,n/a,https://www.nasdaq.com/symbol/isl,
ACU,Acme United Corporation.,19.8549,$66.99M,1988,Capital Goods,Industrial Machinery/Components,https://www.nasdaq.com/symbol/acu,
ATNM,Actinium Pharmaceuticals Inc..,0.3727,$41.07M,n/a,Health Care,Major Pharmaceuticals,https://www.nasdaq.com/symbol/atnm,
AE,Adams Resources & Energy Inc..,41.23,$173.89M,n/a,Energy,Oil Refining/Marketing,https://www.nasdaq.com/symbol/ae,
ACY,AeroCentury Corp.,17.25,$24.44M,n/a,Technology,Diversified Commercial Services,https://www.nasdaq.com/symbol/acy,
UAVS,AgEagle Aerial Systems Inc..,5.4699,n/a,n/a,n/a,n/a,https://www.nasdaq.com/symbol/uavs,
AIRI,Air Industries Group,1.55,$38.53M,n/a,Capital Goods,Military/Government/Technical,https://www.nasdaq.com/symbol/airi,
AXU,Alexco Resource Corp,1.31,$133.15M,n/a,Basic Industries,Precious Metals,https://www.nasdaq.com/symbol/axu,
ALO,Alio Gold Inc.,1.98,$88.46M,2011,Basic Industries,Precious Metals,https://www.nasdaq.com/symbol/alo,
AAU,Almaden Minerals, Ltd.,0.8041,$82.18M,2015,Basic Industries,Precious Metals,https://www.nasdaq.com/symbol/aau,
APT,Alpha Pro Tech, Ltd.,3.2,$45.73M,n/a,Health Care,Industrial Specialties,https://www.nasdaq.com/symbol/apt,
AAMC,Altisource Asset Management Corp,65.5,$104.92M,n/a,Finance,Real Estate,https://www.nasdaq.com/symbol/aamc,
DIT,AMCON Distributing Company,91.9,$63.46M,n/a,Consumer Non-Durables,Food Distributors,https://www.nasdaq.com/symbol/dit,
ALN,American Lorain Corporation,0.198,$7.58M,n/a,Consumer Non-Durables,Packaged Foods,https://www.nasdaq.com/symbol/aln,
AMS,American Shared Hospital Services,2.5999,$14.85M,n/a,Health Care,Medical Specialities,https://www.nasdaq.com/symbol/ams,
USAS,Americas Silver Corporation,3.29,$137.95M,2017,Basic Industries,Precious Metals,https://www.nasdaq.com/symbol/usas,
AMPE,Ampio Pharmaceuticals Inc..,3.27,$277.46M,n/a,Health Care,Major Pharmaceuticals,https://www.nasdaq.com/symbol/ampe,
APHB,AmpliPhi Biosciences Corporation,1.11,$18.28M,n/a,Health Care,Biotechnology: Biological Products (No Diagnostic Substances),https://www.nasdaq.com/symbol/aphb,
ARNC^,Arconic Inc.,90,n/a,n/a,n/a,n/a,https://www.nasdaq.com/symbol/arnc^,
AKG,Asanko Gold Inc.,0.717,$145.87M,n/a,Basic Industries,Mining & Quarrying of Nonmetallic Minerals (No Fuels),https://www.nasdaq.com/symbol/akg,
AINC,Ashford Inc.,95.3,$200.37M,2014,Consumer Services,Professional Services,https://www.nasdaq.com/symbol/ainc,
ASB.WS,Associated Banc-Corp,n/a,n/a,n/a,n/a,n/a,https://www.nasdaq.com/symbol/asb.ws,
AST,Asterias Biotherapeutics Inc..,1.5,$81.3M,n/a,Health Care,Biotechnology: Biological Products (No Diagnostic Substances),https://www.nasdaq.com/symbol/ast,
AUG,Auryn Resources Inc.,1.33,$114.19M,n/a,Basic Industries,Precious Metals,https://www.nasdaq.com/symbol/aug,
AWX,Avalon Holdings Corporation,2.2001,$8.37M,n/a,Public Utilities,Environmental Services,https://www.nasdaq.com/symbol/awx,
ASM,Avino Silver,1.3,$68.53M,n/a,Basic Industries,Precious Metals,https://www.nasdaq.com/symbol/asm,
BTG,B2Gold Corp,2.68,$2.63B,n/a,Basic Industries,Precious Metals,https://www.nasdaq.com/symbol/btg,
BTN,Ballantyne Strong Inc.,4.2,$60.57M,n/a,Miscellaneous,Industrial Machinery/Components,https://www.nasdaq.com/symbol/btn,
BKJ,Bancorp of New Jersey Inc.,17,$118.11M,n/a,Finance,Major Banks,https://www.nasdaq.com/symbol/bkj,
BCV,Bancroft Fund Limited,20.93,$109.88M,n/a,n/a,n/a,https://www.nasdaq.com/symbol/bcv,
BCV^A,Bancroft Fund Limited,25,n/a,n/a,n/a,n/a,https://www.nasdaq.com/symbol/bcv^a,
BHB,Bar Harbor Bankshares Inc..,28.7,$443.61M,n/a,Finance,Major Banks,https://www.nasdaq.com/symbol/bhb,
BRN,Barnwell Industries Inc..,1.9,$15.73M,n/a,Energy,Oil & Gas Production,https://www.nasdaq.com/symbol/brn,
BGSF,BG Staffing Inc,18.4,$161.26M,n/a,Technology,Professional Services,https://www.nasdaq.com/symbol/bgsf,
BPMX,BioPharmX Corporation,0.24,$45.6M,2015,Health Care,Major Pharmaceuticals,https://www.nasdaq.com/symbol/bpmx,
BTX,BioTime Inc..,2.43,$308.29M,n/a,Health Care,Biotechnology: Biological Products (No Diagnostic Substances),https://www.nasdaq.com/symbol/btx,
BTX.WS,BioTime Inc..,n/a,n/a,n/a,n/a,n/a,https://www.nasdaq.com/symbol/btx.ws,
BGI,Birks Group Inc.,1.1035,$19.82M,n/a,Consumer Services,Consumer Specialties,https://www.nasdaq.com/symbol/bgi,
BZM,BlackRock Maryland Municipal Bond Trust,13.11,$27.26M,2002,n/a,n/a,https://www.nasdaq.com/symbol/bzm,
MHE,BlackRock Massachusetts Tax-Exempt Trust,13.2848,$31.45M,1993,n/a,n/a,https://www.nasdaq.com/symbol/mhe,
BLE,BlackRock Municipal Income Trust II,13.44,$315.84M,2002,n/a,n/a,https://www.nasdaq.com/symbol/ble,
BLJ,Blackrock New Jersey Municipal Bond Trust,13.6,$31.66M,2002,n/a,n/a,https://www.nasdaq.com/symbol/blj,
BFY,BlackRock New York Municipal Income Trust II,13.06,$65.36M,2002,n/a,n/a,https://www.nasdaq.com/symbol/bfy,
BHV,BlackRock Virginia Municipal Bond Trust,16.2417,$26M,2002,n/a,n/a,https://www.nasdaq.com/symbol/bhv,
BDR,Blonder Tongue Laboratories Inc..,0.78,$6.34M,n/a,Technology,Radio And Television Broadcasting And Communications Equipment,https://www.nasdaq.com/symbol/bdr,
BRG,Bluerock Residential Growth REIT Inc..,8.49,$206.6M,2014,Consumer Services,Real Estate Investment Trusts,https://www.nasdaq.com/symbol/brg,
BRG^A,Bluerock Residential Growth REIT Inc..,24.83,n/a,n/a,n/a,n/a,https://www.nasdaq.com/symbol/brg^a,
BRG^C,Bluerock Residential Growth REIT Inc..,23.05,n/a,n/a,n/a,n/a,https://www.nasdaq.com/symbol/brg^c,
BRG^D,Bluerock Residential Growth REIT Inc..,21.23,n/a,n/a,n/a,n/a,https://www.nasdaq.com/symbol/brg^d,
BVX,Bovie Medical Corporation,2.88,$95.1M,n/a,Health Care,Medical/Dental Instruments,https://www.nasdaq.com/symbol/bvx,
BWL.A,Bowl America Inc..,n/a,n/a,n/a,n/a,n/a,https://www.nasdaq.com/symbol/bwl.a,
CMCL,Caledonia Mining Corporation Plc,6.9553,$73.75M,n/a,Basic Industries,Precious Metals,https://www.nasdaq.com/symbol/cmcl,
CEI,Camber Energy Inc..,0.7659,$3.17M,n/a,Energy,Oil & Gas Production,https://www.nasdaq.com/symbol/cei,
CANF,Can-Fite Biopharma Ltd,1.43,$23.81M,n/a,Health Care,Major Pharmaceuticals,https://www.nasdaq.com/symbol/canf,
ROX,Castle Brands Inc..,1.2,$199.37M,2006,Consumer Non-Durables,Beverages (Production/Distribution),https://www.nasdaq.com/symbol/rox,
CAW,CCA Industries Inc..,2.95,$22M,n/a,Consumer Non-Durables,Package Goods/Cosmetics,https://www.nasdaq.com/symbol/caw,
CVM,Cel-Sci Corporation,1.39,$23.08M,n/a,Health Care,Biotechnology: Biological Products (No Diagnostic Substances),https://www.nasdaq.com/symbol/cvm,
CVM.WS,Cel-Sci Corporation,n/a,n/a,n/a,n/a,n/a,https://www.nasdaq.com/symbol/cvm.ws,
CET,Central Securities Corporation,26.53,$658.24M,n/a,n/a,n/a,https://www.nasdaq.com/symbol/cet,
LEU,Centrus Energy Corp.,3.6,$32.54M,2014,Basic Industries,Mining & Quarrying of Nonmetallic Minerals (No Fuels),https://www.nasdaq.com/symbol/leu,
CCF,Chase Corporation,111.7,$1.05B,n/a,Consumer Durables,Building Products,https://www.nasdaq.com/symbol/ccf,
CQH,Cheniere Energy Partners LP Holdings, LLC,27.48,$6.37B,2013,Public Utilities,Oil/Gas Transmission,https://www.nasdaq.com/symbol/cqh,
CQP,Cheniere Energy Partners, LP,28.51,$13.8B,2007,Public Utilities,Oil/Gas Transmission,https://www.nasdaq.com/symbol/cqp,
LNG,Cheniere Energy Inc..,52.3,$12.43B,n/a,Public Utilities,Oil/Gas Transmission,https://www.nasdaq.com/symbol/lng,
CVR,Chicago Rivet & Machine Co.,31.1854,$30.13M,n/a,Technology,Industrial Machinery/Components,https://www.nasdaq.com/symbol/cvr,
CPHI,China Pharma Holdings Inc..,0.3002,$13.08M,n/a,Health Care,Major Pharmaceuticals,https://www.nasdaq.com/symbol/cphi,
CISN.WS,Cision Ltd.,n/a,n/a,n/a,n/a,n/a,https://www.nasdaq.com/symbol/cisn.ws,
CKX,CKX Lands Inc..,10.35,$20.1M,n/a,Energy,Oil & Gas Production,https://www.nasdaq.com/symbol/ckx,
GLV,Clough Global Dividend and Income Fund,12.48,$87.44M,2004,n/a,n/a,https://www.nasdaq.com/symbol/glv,
GLQ,Clough Global Equity Fund,13.25,$146.09M,2005,n/a,n/a,https://www.nasdaq.com/symbol/glq,
GLO,Clough Global Opportunities Fund,10.72,$345.45M,2006,n/a,n/a,https://www.nasdaq.com/symbol/glo,
COHN,Cohen & Company Inc.,10.2844,$13.09M,n/a,Finance,Investment Bankers/Brokers/Service,https://www.nasdaq.com/symbol/cohn,
MOC,Command Security Corporation,3.0772,$31.1M,n/a,Consumer Services,Diversified Commercial Services,https://www.nasdaq.com/symbol/moc,
CIX,CompX International Inc.,14.05,$174.59M,1998,Capital Goods,Industrial Machinery/Components,https://www.nasdaq.com/symbol/cix,
LODE,Comstock Mining Inc..,0.28,$13.92M,n/a,Basic Industries,Precious Metals,https://www.nasdaq.com/symbol/lode,
CDOR,Condor Hospitality Trust Inc..,10.23,$122.09M,n/a,Consumer Services,Real Estate Investment Trusts,https://www.nasdaq.com/symbol/cdor,
CTO,Consolidated-Tomoka Land Co.,61.1,$341.86M,n/a,Finance,Real Estate,https://www.nasdaq.com/symbol/cto,
MCF,Contango Oil & Gas Company,3.47,$88.41M,n/a,Energy,Oil & Gas Production,https://www.nasdaq.com/symbol/mcf,
CUO,Continental Materials Corporation,19.7,$33.14M,n/a,Capital Goods,Building Materials,https://www.nasdaq.com/symbol/cuo,
CMT,Core Molding Technologies Inc,17.13,$134.76M,n/a,Consumer Non-Durables,Plastic Products,https://www.nasdaq.com/symbol/cmt,
CVRS,Corindus Vascular Robotics Inc..,1.45,$273.72M,2015,Health Care,Medical/Dental Instruments,https://www.nasdaq.com/symbol/cvrs,
CRMD,CorMedix Inc,0.1814,$14.78M,n/a,Health Care,Major Pharmaceuticals,https://www.nasdaq.com/symbol/crmd,
CRF,Cornerstone Strategic Return Fund Inc.. (The),15.04,$335.29M,n/a,n/a,n/a,https://www.nasdaq.com/symbol/crf,
CLM,Cornerstone Strategic Value Fund Inc..,15.195,$668.94M,1987,n/a,n/a,https://www.nasdaq.com/symbol/clm,
CVU,CPI Aerostructures Inc..,9.7,$86.13M,n/a,Capital Goods,Military/Government/Technical,https://www.nasdaq.com/symbol/cvu,
CIK,Credit Suisse Asset Management Income Fund Inc..,3.19,$166.81M,n/a,n/a,n/a,https://www.nasdaq.com/symbol/cik,
DHY,Credit Suisse High Yield Bond Fund,2.64,$264.12M,1998,n/a,n/a,https://www.nasdaq.com/symbol/dhy,
CRHM,CRH Medical Corporation,2.5,$182.16M,2015,Health Care,Medical/Dental Instruments,https://www.nasdaq.com/symbol/crhm,
CTEK,CynergisTek Inc..,4.98,$47.32M,2017,Miscellaneous,Business Services,https://www.nasdaq.com/symbol/ctek,
DXR,Daxor Corporation,9.67,$36.14M,n/a,Health Care,Medical/Dental Instruments,https://www.nasdaq.com/symbol/dxr,
VCF,Delaware Investments Colorado Municipal Income Fund Inc.,14.319,$69.26M,1993,n/a,n/a,https://www.nasdaq.com/symbol/vcf,
VFL,Delaware Investments Florida Insured Municipal Income Fund,12.58,$56.97M,1993,n/a,n/a,https://www.nasdaq.com/symbol/vfl,
VMM,Delaware Investments Minnesota Municipal Income Fund II Inc..,12.64,$145.42M,1993,n/a,n/a,https://www.nasdaq.com/symbol/vmm,
DLA,Delta Apparel Inc..,18.3,$131.97M,n/a,Consumer Non-Durables,Apparel,https://www.nasdaq.com/symbol/dla,
DNN,Denison Mine Corp,0.435,$243.24M,n/a,Basic Industries,Precious Metals,https://www.nasdaq.com/symbol/dnn,
DGSE,DGSE Companies Inc..,0.8416,$22.66M,n/a,Consumer Services,Consumer Specialties,https://www.nasdaq.com/symbol/dgse,
DSS,Document Security Systems Inc..,1.22,$20.25M,n/a,Consumer Durables,Containers/Packaging,https://www.nasdaq.com/symbol/dss,
DPW,DPW Holdings Inc..,0.83,$31.44M,n/a,Capital Goods,Industrial Machinery/Components,https://www.nasdaq.com/symbol/dpw,
DMF,Dreyfus Municipal Income Inc..,7.99,$165.76M,1988,n/a,n/a,https://www.nasdaq.com/symbol/dmf,
DXF,Dunxin Financial Holdings Limited,5.1797,$24.57M,n/a,Consumer Non-Durables,Apparel,https://www.nasdaq.com/symbol/dxf,
GRF,Eagle Capital Growth Fund Inc..,7.48,$26.85M,n/a,n/a,n/a,https://www.nasdaq.com/symbol/grf,
EVM,Eaton Vance California Municipal Bond Fund,10.29,$220.15M,2002,n/a,n/a,https://www.nasdaq.com/symbol/evm,
EIA,Eaton Vance California Municipal Bond Fund II,10.67,$41.47M,2002,n/a,n/a,https://www.nasdaq.com/symbol/eia,
CEV,Eaton Vance California Municipal Income Trust,11.34,$82.27M,1999,n/a,n/a,https://www.nasdaq.com/symbol/cev,
EVV,Eaton Vance Limited Duration Income Fund,13,$1.51B,2003,n/a,n/a,https://www.nasdaq.com/symbol/evv,
MAB,Eaton Vance Massachusetts Municipal Bond Fund,12.5999,$22.28M,2002,n/a,n/a,https://www.nasdaq.com/symbol/mab,
MMV,Eaton Vance Massachusetts Municipal Income Trust,12.4001,$33.94M,1999,n/a,n/a,https://www.nasdaq.com/symbol/mmv,
MIW,Eaton Vance Michigan Municipal Bond Fund,12.83,$19.25M,2002,n/a,n/a,https://www.nasdaq.com/symbol/miw,
EMI,Eaton Vance Michigan Municipal Income Trust,12.17,$24.5M,1999,n/a,n/a,https://www.nasdaq.com/symbol/emi,
EIM,Eaton Vance Municipal Bond Fund,11.81,$805.07M,2002,n/a,n/a,https://www.nasdaq.com/symbol/eim,
EIV,Eaton Vance Municipal Bond Fund II,11.59,$116.06M,2002,n/a,n/a,https://www.nasdaq.com/symbol/eiv,
EMJ,Eaton Vance New Jersey Municipal Bond Fund,11.65,$30.05M,2002,n/a,n/a,https://www.nasdaq.com/symbol/emj,
EVJ,Eaton Vance New Jersey Municipal Income Trust,11.145,$51.25M,1999,n/a,n/a,https://www.nasdaq.com/symbol/evj,
ENX,Eaton Vance New York Municipal Bond Fund,11.26,$176.35M,2002,n/a,n/a,https://www.nasdaq.com/symbol/enx,
NYH,Eaton Vance New York Municipal Bond Fund II,10.69,$27.33M,2002,n/a,n/a,https://www.nasdaq.com/symbol/nyh,
EVY,Eaton Vance New York Municipal Income Trust,12.12,$66.37M,1999,n/a,n/a,https://www.nasdaq.com/symbol/evy,
EIO,Eaton Vance Ohio Municipal Bond Fund,11.65,$29.57M,2002,n/a,n/a,https://www.nasdaq.com/symbol/eio,
EVO,Eaton Vance Ohio Municipal Income Trust,12.3899,$35.4M,1999,n/a,n/a,https://www.nasdaq.com/symbol/evo,
EIP,Eaton Vance Pennsylvania Municipal Bond Fund,11.7232,$34.7M,2002,n/a,n/a,https://www.nasdaq.com/symbol/eip,
EVP,Eaton Vance Pennsylvania Municipal Income Trust,11.5374,$30.01M,1999,n/a,n/a,https://www.nasdaq.com/symbol/evp,
ELMD,Electromed Inc..,5.36,$44.42M,2011,Health Care,Biotechnology: Electromedical & Electrotherapeutic Apparatus,https://www.nasdaq.com/symbol/elmd,
ELLO,Ellomay Capital Ltd.,8.8699,$94.71M,n/a,Public Utilities,Electric Utilities: Central,https://www.nasdaq.com/symbol/ello,
ECF,Ellsworth Growth and Income Fund Ltd.,9.08,$116.92M,1986,n/a,n/a,https://www.nasdaq.com/symbol/ecf,
ECF^A,Ellsworth Growth and Income Fund Ltd.,24.38,n/a,n/a,n/a,n/a,https://www.nasdaq.com/symbol/ecf^a,
EMAN,eMagin Corporation,1.525,$68.36M,n/a,Technology,Semiconductors,https://www.nasdaq.com/symbol/eman,
MSN,Emerson Radio Corporation,1.45,$34.22M,n/a,Consumer Non-Durables,Consumer Electronics/Appliances,https://www.nasdaq.com/symbol/msn,
EMX,EMX Royalty Corporation,0.8601,$68.59M,n/a,Basic Industries,Precious Metals,https://www.nasdaq.com/symbol/emx,
UUUU,Energy Fuels Inc,1.55,$115.3M,n/a,Basic Industries,Mining & Quarrying of Nonmetallic Minerals (No Fuels),https://www.nasdaq.com/symbol/uuuu,
UUUU.WS,Energy Fuels Inc,n/a,n/a,n/a,n/a,n/a,https://www.nasdaq.com/symbol/uuuu.ws,
ENSV,ENSERVCO Corporation,0.884,$45.32M,n/a,Energy,Oilfield Services/Equipment,https://www.nasdaq.com/symbol/ensv,
ESNC,EnSync Inc..,0.41,$22.99M,n/a,Public Utilities,Electric Utilities: Central,https://www.nasdaq.com/symbol/esnc,
EGI,Entree Resources Ltd.,0.37,$64.46M,2017,Basic Industries,Precious Metals,https://www.nasdaq.com/symbol/egi,
EVI,EnviroStarm Inc..,39.75,$443.38M,n/a,Consumer Services,Other Consumer Services,https://www.nasdaq.com/symbol/evi,
ERN,Erin Energy Corp.,3.6,$775.22M,n/a,Energy,Oil & Gas Production,https://www.nasdaq.com/symbol/ern,
ESP,Espey Mfg. & Electronics Corp.,26.6599,$63.09M,n/a,Capital Goods,Industrial Machinery/Components,https://www.nasdaq.com/symbol/esp,
EVBN,Evans Bancorp Inc..,45,$215.44M,n/a,Finance,Major Banks,https://www.nasdaq.com/symbol/evbn,
EPM,Evolution Petroleum Corporation Inc..,8.15,$270.35M,n/a,Energy,Oil & Gas Production,https://www.nasdaq.com/symbol/epm,
FEN,First Trust Energy Income and Growth Fund,21.5,$417.04M,2004,n/a,n/a,https://www.nasdaq.com/symbol/fen,
BDL,Flanigan&#39;s Enterprises Inc..,22.85,$42.47M,n/a,Consumer Services,Restaurants,https://www.nasdaq.com/symbol/bdl,
FSI,Flexible Solutions International Inc.,1.66,$19.13M,n/a,Basic Industries,Major Chemicals,https://www.nasdaq.com/symbol/fsi,
FTF,Franklin Limited Duration Income Trust,11.13,$251.58M,2003,n/a,n/a,https://www.nasdaq.com/symbol/ftf,
FSP,Franklin Street Properties Corp.,8.53,$914.68M,n/a,Consumer Services,Real Estate Investment Trusts,https://www.nasdaq.com/symbol/fsp,
FRD,Friedman Industries Inc.,5.82,$40.79M,n/a,Capital Goods,Steel/Iron Ore,https://www.nasdaq.com/symbol/frd,
FTNW,FTE Networks Inc..,18.26,$102.21M,n/a,Public Utilities,Telecommunications Equipment,https://www.nasdaq.com/symbol/ftnw,
GGN,GAMCO Global Gold, Natural Reources & Income Trust ,4.87,$658.98M,2005,n/a,n/a,https://www.nasdaq.com/symbol/ggn,
GGN^B,GAMCO Global Gold, Natural Reources & Income Trust ,23.5116,n/a,n/a,n/a,n/a,https://www.nasdaq.com/symbol/ggn^b,
GST,Gastar Exploration Inc.,0.642,$141.81M,n/a,Energy,Oil & Gas Production,https://www.nasdaq.com/symbol/gst,
GST^A,Gastar Exploration Inc.,16.2,n/a,n/a,n/a,n/a,https://www.nasdaq.com/symbol/gst^a,
GST^B,Gastar Exploration Inc.,18.25,n/a,n/a,n/a,n/a,https://www.nasdaq.com/symbol/gst^b,
JOB,GEE Group Inc.,2.63,$27.47M,n/a,Technology,Diversified Commercial Services,https://www.nasdaq.com/symbol/job,
GMO,General Moly Inc.,0.368,$40.91M,n/a,Basic Industries,Precious Metals,https://www.nasdaq.com/symbol/gmo,
GSB,GlobalSCAPE Inc..,3.48,$75.07M,n/a,Technology,Computer Software: Prepackaged Software,https://www.nasdaq.com/symbol/gsb,
GSAT,Globalstar Inc..,0.7006,$884.16M,2006,Consumer Services,Telecommunications Equipment,https://www.nasdaq.com/symbol/gsat,
GLOW,Glowpoint Inc..,0.2288,$10.5M,n/a,Public Utilities,Telecommunications Equipment,https://www.nasdaq.com/symbol/glow,
GORO,Gold Resource Corporation,4.48,$255.84M,n/a,Basic Industries,Precious Metals,https://www.nasdaq.com/symbol/goro,
GSV,Gold Standard Ventures Corporation,1.6,$403.46M,n/a,Basic Industries,Mining & Quarrying of Nonmetallic Minerals (No Fuels),https://www.nasdaq.com/symbol/gsv,
AUMN,Golden Minerals Company,0.396,$36.4M,n/a,Basic Industries,Precious Metals,https://www.nasdaq.com/symbol/aumn,
GSS,Golden Star Resources, Ltd,0.596,$226.83M,n/a,Basic Industries,Precious Metals,https://www.nasdaq.com/symbol/gss,
GV,Goldfield Corporation (The),3.7,$94.17M,n/a,Basic Industries,Water Supply,https://www.nasdaq.com/symbol/gv,
GDP,Goodrich Petroleum Corporation,10.79,$122.57M,2017,Energy,Oil & Gas Production,https://www.nasdaq.com/symbol/gdp,
GTE,Gran Tierra Energy Inc.,2.74,$1.06B,n/a,Energy,Oil & Gas Production,https://www.nasdaq.com/symbol/gte,
GPL,Great Panther Silver Limited,1.16,$195.32M,n/a,Basic Industries,Precious Metals,https://www.nasdaq.com/symbol/gpl,
SIM,Grupo Simec, S.A. de C.V.,9.25,$1.53B,1993,Basic Industries,Steel/Iron Ore,https://www.nasdaq.com/symbol/sim,
GVP,GSE Systems Inc..,3.3,$64.11M,n/a,Technology,Computer Software: Prepackaged Software,https://www.nasdaq.com/symbol/gvp,
GLF,GulfMark Offshore Inc..,29,$822.79M,2017,Energy,Metal Fabrications,https://www.nasdaq.com/symbol/glf,
GLF.WS,GulfMark Offshore Inc..,n/a,n/a,n/a,n/a,n/a,https://www.nasdaq.com/symbol/glf.ws,
HEB,Hemispherx BioPharma Inc..,0.405,$12.91M,n/a,Health Care,Biotechnology: Biological Products (No Diagnostic Substances),https://www.nasdaq.com/symbol/heb,
HCAC,Hennessy Capital Acquisition Corp. III,9.91,$317.93M,2017,Finance,Business Services,https://www.nasdaq.com/symbol/hcac,
HCAC.U,Hennessy Capital Acquisition Corp. III,n/a,n/a,2017,n/a,n/a,https://www.nasdaq.com/symbol/hcac.u,
HCAC.WS,Hennessy Capital Acquisition Corp. III,n/a,n/a,n/a,n/a,n/a,https://www.nasdaq.com/symbol/hcac.ws,
HLM^,Hillman Group Capital Trust,33.74,n/a,n/a,n/a,n/a,https://www.nasdaq.com/symbol/hlm^,
HMG,HMG/Courtland Properties Inc..,13.49,$13.52M,n/a,Consumer Services,Real Estate Investment Trusts,https://www.nasdaq.com/symbol/hmg,
HUSA,Houston American Energy Corporation,0.3023,$17.45M,n/a,Energy,Oil & Gas Production,https://www.nasdaq.com/symbol/husa,
IBIO,iBio Inc..,0.228,$26.29M,n/a,Health Care,Major Pharmaceuticals,https://www.nasdaq.com/symbol/ibio,
IBO,IBO (Listing Market - NYSE Amex Network B F),24.92,n/a,n/a,n/a,n/a,https://www.nasdaq.com/symbol/ibo,
IEC,IEC Electronics Corp.,4.43,$45.27M,n/a,Technology,Electrical Products,https://www.nasdaq.com/symbol/iec,
IMUC,ImmunoCellular Therapeutics, Ltd.,0.2576,$10.8M,n/a,Health Care,Major Pharmaceuticals,https://www.nasdaq.com/symbol/imuc,
IMUC.WS,ImmunoCellular Therapeutics, Ltd.,n/a,n/a,n/a,n/a,n/a,https://www.nasdaq.com/symbol/imuc.ws,
IMH,Impac Mortgage Holdings Inc..,7.49,$156.94M,1997,Consumer Services,Real Estate Investment Trusts,https://www.nasdaq.com/symbol/imh,
IMO,Imperial Oil Limited,26.16,$21.66B,n/a,Energy,Integrated oil Companies,https://www.nasdaq.com/symbol/imo,
IOR,Income Opportunity Realty Investors Inc..,11.675,$48.66M,n/a,Consumer Services,Real Estate Investment Trusts,https://www.nasdaq.com/symbol/ior,
IGC,India Globalization Capital Inc.,0.5526,$16.73M,n/a,Consumer Non-Durables,Electronic Components,https://www.nasdaq.com/symbol/igc,
INFU,InfuSystems Holdings Inc..,2.7951,$63.74M,n/a,Health Care,Medical/Dental Instruments,https://www.nasdaq.com/symbol/infu,
IHT,InnSuites Hospitality Trust,1.59,$15.5M,n/a,Consumer Services,Real Estate Investment Trusts,https://www.nasdaq.com/symbol/iht,
NSPR,InspireMD Inc.,1.35,$4.02M,n/a,Health Care,Medical/Dental Instruments,https://www.nasdaq.com/symbol/nspr,
NSPR.WS,InspireMD Inc.,n/a,n/a,n/a,n/a,n/a,https://www.nasdaq.com/symbol/nspr.ws,
NSPR.WS.B,InspireMD Inc.,n/a,n/a,n/a,n/a,n/a,https://www.nasdaq.com/symbol/nspr.ws.b,
IDN,Intellicheck Inc..,1.64,$25.6M,1999,Technology,Computer Software: Prepackaged Software,https://www.nasdaq.com/symbol/idn,
INS,Intelligent Systems Corporation,5.0711,$44.51M,1992,Technology,Computer Software: Prepackaged Software,https://www.nasdaq.com/symbol/ins,
THM,International Tower Hill Mines Ltd,0.5016,$93.49M,n/a,Basic Industries,Precious Metals,https://www.nasdaq.com/symbol/thm,
INTT,inTest Corporation,6.65,$69.25M,1997,Capital Goods,Electrical Products,https://www.nasdaq.com/symbol/intt,
INUV,Inuvo Inc.,0.928,$26.56M,n/a,Consumer Services,Advertising,https://www.nasdaq.com/symbol/inuv,
VKI,Invesco Advantage Municipal Income Trust II,10.62,$471.44M,n/a,n/a,n/a,https://www.nasdaq.com/symbol/vki,
ISR,IsoRay Inc..,0.4282,$23.59M,n/a,Health Care,Medical/Dental Instruments,https://www.nasdaq.com/symbol/isr,
ISDR,Issuer Direct Corporation,16.159,$49.01M,n/a,Miscellaneous,Publishing,https://www.nasdaq.com/symbol/isdr,
JRJR,JRjr33 Inc..,0.1378,$6.18M,2014,Consumer Services,Other Consumer Services,https://www.nasdaq.com/symbol/jrjr,
KIQ,Kelso Technologies Inc,0.5899,$27.68M,n/a,Capital Goods,Railroads,https://www.nasdaq.com/symbol/kiq,
KLDX,Klondex Mines Ltd.,2.35,$422.1M,n/a,Basic Industries,Precious Metals,https://www.nasdaq.com/symbol/kldx,
LTS,Ladenburg Thalmann Financial Services Inc,3.23,$646.92M,n/a,Finance,Investment Bankers/Brokers/Service,https://www.nasdaq.com/symbol/lts,
LTS^A,Ladenburg Thalmann Financial Services Inc,25.2301,n/a,n/a,n/a,n/a,https://www.nasdaq.com/symbol/lts^a,
LTSL,Ladenburg Thalmann Financial Services Inc,24.6,n/a,2017,Finance,Investment Bankers/Brokers/Service,https://www.nasdaq.com/symbol/ltsl,
LAQ,Latin America Equity Fund Inc.. (The),26.94,$200.66M,1991,n/a,n/a,https://www.nasdaq.com/symbol/laq,
LEVB,Level Brands Inc..,4.1344,$33.19M,2017,Consumer Non-Durables,Package Goods/Cosmetics,https://www.nasdaq.com/symbol/levb,
LGL,LGL Group Inc.. (The),5.58,$26.22M,n/a,Capital Goods,Industrial Machinery/Components,https://www.nasdaq.com/symbol/lgl,
LBY,Libbey Inc..,5.41,$119.12M,1993,Capital Goods,Industrial Machinery/Components,https://www.nasdaq.com/symbol/lby,
LLEX,Lilis Energy Inc..,3.92,$236.91M,n/a,Energy,Oil & Gas Production,https://www.nasdaq.com/symbol/llex,
LIQT,LiqTech International Inc..,0.5081,$22.47M,n/a,Technology,Industrial Machinery/Components,https://www.nasdaq.com/symbol/liqt,
MAG,MAG Silver Corporation,9.99,$854.18M,n/a,Basic Industries,Precious Metals,https://www.nasdaq.com/symbol/mag,
MJCO,Majesco,5.13,$187.47M,2015,Technology,Computer Software: Prepackaged Software,https://www.nasdaq.com/symbol/mjco,
MHH,Mastech Digital Inc.,12.13,$66.25M,n/a,Consumer Services,Professional Services,https://www.nasdaq.com/symbol/mhh,
MTNB,Matinas Biopharma Holdings Inc..,0.7901,$73.94M,2017,Health Care,Major Pharmaceuticals,https://www.nasdaq.com/symbol/mtnb,
MNI,McClatchy Company (The),9.19,$70.83M,1988,Consumer Services,Newspapers/Magazines,https://www.nasdaq.com/symbol/mni,
IPB,Merrill Lynch & Co. Inc.. 6.0518% Index Plus Trust Certificate,27.1108,n/a,n/a,Finance,Finance: Consumer Services,https://www.nasdaq.com/symbol/ipb,
MXC,Mexco Energy Corporation,3.089,$6.29M,n/a,Energy,Oil & Gas Production,https://www.nasdaq.com/symbol/mxc,
CCA,MFS California Insured Municipal Trust,10.41,$29.01M,1999,n/a,n/a,https://www.nasdaq.com/symbol/cca,
MICR,Micron Solutions Inc..,3.8,$10.81M,n/a,Health Care,Biotechnology: Electromedical & Electrotherapeutic Apparatus,https://www.nasdaq.com/symbol/micr,
MLSS,Milestone Scientific Inc..,0.765,$25.24M,2015,Health Care,Industrial Specialties,https://www.nasdaq.com/symbol/mlss,
MVF,MuniVest Fund Inc..,8.82,$568.87M,n/a,n/a,n/a,https://www.nasdaq.com/symbol/mvf,
MZA,MuniYield Arizona Fund Inc..,15.441,$71.41M,1993,n/a,n/a,https://www.nasdaq.com/symbol/mza,
MYO,Myomo Inc.,3.06,$37.92M,2017,Health Care,Industrial Specialties,https://www.nasdaq.com/symbol/myo,
NNVC,NanoViricides Inc..,0.82,$51.97M,n/a,Health Care,Biotechnology: Commercial Physical & Biological Resarch,https://www.nasdaq.com/symbol/nnvc,
ATEST,NASDAQ TEST STOCK,21,n/a,n/a,n/a,n/a,https://www.nasdaq.com/symbol/atest,
ATEST.A,NASDAQ TEST STOCK,n/a,n/a,n/a,n/a,n/a,https://www.nasdaq.com/symbol/atest.a,
ATEST.B,NASDAQ TEST STOCK,n/a,n/a,n/a,n/a,n/a,https://www.nasdaq.com/symbol/atest.b,
ATEST.C,NASDAQ TEST STOCK,n/a,n/a,n/a,n/a,n/a,https://www.nasdaq.com/symbol/atest.c,
NHC,National HealthCare Corporation,60.01,$913.62M,n/a,Health Care,Hospital/Nursing Management,https://www.nasdaq.com/symbol/nhc,
NAVB,Navidea Biopharmaceuticals Inc..,0.365,$59.42M,n/a,Health Care,Biotechnology: In Vitro & In Vivo Diagnostic Substances,https://www.nasdaq.com/symbol/navb,
NTIP,Network-1 Technologies Inc..,2.65,$63.95M,n/a,Miscellaneous,Multi-Sector Companies,https://www.nasdaq.com/symbol/ntip,
NBW,Neuberger Berman California Intermediate Municipal Fund Inc.,12.77,$70.89M,2002,n/a,n/a,https://www.nasdaq.com/symbol/nbw,
NHS,Neuberger Berman High Yield Strategies Fund,11.07,$216.31M,n/a,n/a,n/a,https://www.nasdaq.com/symbol/nhs,
NBH,Neuberger Berman Intermediate Municipal Fund Inc.,13.72,$257.92M,2002,n/a,n/a,https://www.nasdaq.com/symbol/nbh,
NML,Neuberger Berman MLP Income Fund Inc.,8.07,$457.24M,2013,n/a,n/a,https://www.nasdaq.com/symbol/nml,
NBO,Neuberger Berman New York Intermediate Municipal Fund Inc.,11.59,$58.85M,2002,n/a,n/a,https://www.nasdaq.com/symbol/nbo,
NRO,Neuberger Berman Real Estate Securities Income Fund Inc..,4.71,$223.35M,2003,n/a,n/a,https://www.nasdaq.com/symbol/nro,
UWN,Nevada Gold & Casinos Inc..,2.31,$38.92M,n/a,Consumer Services,Services-Misc. Amusement & Recreation,https://www.nasdaq.com/symbol/uwn,
NSU,Nevsun Resources Ltd,2.26,$683.25M,n/a,Basic Industries,Precious Metals,https://www.nasdaq.com/symbol/nsu,
GBR,New Concept Energy Inc.,1.29,$2.89M,n/a,Energy,Oil & Gas Production,https://www.nasdaq.com/symbol/gbr,
NEN,New England Realty Associates Limited Partnership,68.85,$256.92M,n/a,Consumer Services,Building operators,https://www.nasdaq.com/symbol/nen,
NGD,New Gold Inc.,2.52,$1.46B,n/a,Basic Industries,Precious Metals,https://www.nasdaq.com/symbol/ngd,
NXE,Nexgen Energy Ltd.,1.73,$593.95M,n/a,Basic Industries,Precious Metals,https://www.nasdaq.com/symbol/nxe,
HLTH,Nobilis Health Corp.,1.7,$132.91M,2015,Health Care,Hospital/Nursing Management,https://www.nasdaq.com/symbol/hlth,
NAK,Northern Dynasty Minerals, Ltd.,0.9013,$279.86M,n/a,Basic Industries,Precious Metals,https://www.nasdaq.com/symbol/nak,
NOG,Northern Oil and Gas Inc..,1.87,$123.32M,n/a,Energy,Oil & Gas Production,https://www.nasdaq.com/symbol/nog,
NBY,NovaBay Pharmaceuticals Inc..,3.25,$55.54M,2007,Health Care,Major Pharmaceuticals,https://www.nasdaq.com/symbol/nby,
NG,Novagold Resources Inc.,4.31,$1.39B,n/a,Basic Industries,Precious Metals,https://www.nasdaq.com/symbol/ng,
NTN,NTN Buzztime Inc..,5.58,$14.06M,n/a,Consumer Services,Broadcasting,https://www.nasdaq.com/symbol/ntn,
NES,Nuverra Environmental Solutions Inc..,20.6,$240.93M,2017,Energy,Oilfield Services/Equipment,https://www.nasdaq.com/symbol/nes,
OCX,OncoCyte Corporation,1.3,$40.86M,2015,Health Care,Biotechnology: In Vitro & In Vivo Diagnostic Substances,https://www.nasdaq.com/symbol/ocx,
OGEN,Oragenics Inc.,1.8,$8.87M,n/a,Health Care,Major Pharmaceuticals,https://www.nasdaq.com/symbol/ogen,
TIS,Orchids Paper Products Company,8.41,$89.74M,2005,Basic Industries,Paper,https://www.nasdaq.com/symbol/tis,
ONP,Orient Paper Inc..,1.1,$23.6M,n/a,Consumer Durables,Containers/Packaging,https://www.nasdaq.com/symbol/onp,
ORM,Owens Realty Mortgage Inc..,13.94,$126.73M,2013,Consumer Services,Real Estate Investment Trusts,https://www.nasdaq.com/symbol/orm,
PCG^A,Pacific Gas & Electric Co.,25.511,n/a,n/a,n/a,n/a,https://www.nasdaq.com/symbol/pcg^a,
PCG^B,Pacific Gas & Electric Co.,24.025,n/a,n/a,n/a,n/a,https://www.nasdaq.com/symbol/pcg^b,
PCG^C,Pacific Gas & Electric Co.,22.28,n/a,n/a,n/a,n/a,https://www.nasdaq.com/symbol/pcg^c,
PCG^D,Pacific Gas & Electric Co.,21.536,n/a,n/a,n/a,n/a,https://www.nasdaq.com/symbol/pcg^d,
PCG^E,Pacific Gas & Electric Co.,21.5,n/a,n/a,n/a,n/a,https://www.nasdaq.com/symbol/pcg^e,
PCG^G,Pacific Gas & Electric Co.,20.62,n/a,n/a,n/a,n/a,https://www.nasdaq.com/symbol/pcg^g,
PCG^H,Pacific Gas & Electric Co.,19.7362,n/a,n/a,n/a,n/a,https://www.nasdaq.com/symbol/pcg^h,
PCG^I,Pacific Gas & Electric Co.,19.85,n/a,n/a,n/a,n/a,https://www.nasdaq.com/symbol/pcg^i,
PTN,Palatin Technologies Inc..,1.05,$205.14M,n/a,Health Care,Major Pharmaceuticals,https://www.nasdaq.com/symbol/ptn,
PZG,Paramount Gold Nevada Corp.,1.42,$32.77M,2015,Basic Industries,Precious Metals,https://www.nasdaq.com/symbol/pzg,
TEUM,Pareteum Corporation,2.6,$111.6M,n/a,Technology,EDP Services,https://www.nasdaq.com/symbol/teum,
PRK,Park National Corporation,104.24,$1.59B,n/a,Finance,Major Banks,https://www.nasdaq.com/symbol/prk,
PED,Pedevco Corp.,0.3002,$1.83M,n/a,Energy,Oil & Gas Production,https://www.nasdaq.com/symbol/ped,
PFNX,Pfenex Inc.,6.59,$155.42M,2014,Health Care,Major Pharmaceuticals,https://www.nasdaq.com/symbol/pfnx,
HNW,Pioneer Diversified High Income Trust,14.89,$124.08M,2007,n/a,n/a,https://www.nasdaq.com/symbol/hnw,
PLG,Platinum Group Metals Ltd.,0.3011,$45.44M,n/a,Basic Industries,Precious Metals,https://www.nasdaq.com/symbol/plg,
PLYM,Plymouth Industrial REIT Inc..,16.8,$64.16M,2017,Consumer Services,Real Estate Investment Trusts,https://www.nasdaq.com/symbol/plym,
PLYM^A,Plymouth Industrial REIT Inc..,24.648,n/a,n/a,n/a,n/a,https://www.nasdaq.com/symbol/plym^a,
PLM,Polymet Mining Corp.,0.9,$287.53M,n/a,Basic Industries,Precious Metals,https://www.nasdaq.com/symbol/plm,
PW,Power REIT,6.16,$11.26M,n/a,Consumer Services,Real Estate Investment Trusts,https://www.nasdaq.com/symbol/pw,
PW^A,Power REIT,25.98,n/a,n/a,n/a,n/a,https://www.nasdaq.com/symbol/pw^a,
PLX,Protalix BioTherapeutics Inc..,0.5141,$74.84M,n/a,Health Care,Biotechnology: Biological Products (No Diagnostic Substances),https://www.nasdaq.com/symbol/plx,
RLGT,Radiant Logistics Inc..,3.95,$194.9M,n/a,Transportation,Oil Refining/Marketing,https://www.nasdaq.com/symbol/rlgt,
RLGT^A,Radiant Logistics Inc..,25.8999,n/a,n/a,n/a,n/a,https://www.nasdaq.com/symbol/rlgt^a,
RFL,Rafael Holdings Inc..,4.65,$6.51M,2018,n/a,n/a,https://www.nasdaq.com/symbol/rfl,
UTG,Reaves Utility Income Fund,27.88,$1.36B,2004,n/a,n/a,https://www.nasdaq.com/symbol/utg,
REED,Reeds Inc..,1.6,$39.39M,n/a,Consumer Non-Durables,Beverages (Production/Distribution),https://www.nasdaq.com/symbol/reed,
RHE,Regional Health Properties Inc..,0.42,$8.35M,2017,Consumer Services,Real Estate Investment Trusts,https://www.nasdaq.com/symbol/rhe,
RHE^A,Regional Health Properties Inc..,8.48,n/a,n/a,n/a,n/a,https://www.nasdaq.com/symbol/rhe^a,
RWC,RELM Wireless Corporation,4,$55.38M,n/a,Technology,Radio And Television Broadcasting And Communications Equipment,https://www.nasdaq.com/symbol/rwc,
RCG,RENN Fund Inc..,1.393,$6.22M,n/a,n/a,n/a,https://www.nasdaq.com/symbol/rcg,
RVP,Retractable Technologies Inc..,1.01,$32.99M,n/a,Health Care,Medical/Dental Instruments,https://www.nasdaq.com/symbol/rvp,
RNN,Rexahn Pharmaceuticals Inc..,1.54,$48.89M,n/a,Health Care,Major Pharmaceuticals,https://www.nasdaq.com/symbol/rnn,
REI,Ring Energy Inc..,14.25,$860.53M,n/a,Energy,Oil & Gas Production,https://www.nasdaq.com/symbol/rei,
RIF,RMR Real Estate Income Fund,16.31,$166.39M,n/a,n/a,n/a,https://www.nasdaq.com/symbol/rif,
SACH,Sachem Capital Corp.,3.48,$53.65M,2017,Consumer Services,Real Estate Investment Trusts,https://www.nasdaq.com/symbol/sach,
SGA,Saga Communications Inc..,38.6,$229.34M,n/a,Consumer Services,Broadcasting,https://www.nasdaq.com/symbol/sga,
SNMP,Sanchez Midstream Partners LP,10.95,$166.18M,n/a,Energy,Oil & Gas Production,https://www.nasdaq.com/symbol/snmp,
SAND          ,Sandstorm Gold Ltd,4.72,$866.4M,n/a,Basic Industries,Precious Metals,https://www.nasdaq.com/symbol/sand,
SEB,Seaboard Corporation,4189.99,$4.9B,1996,Finance,Investment Bankers/Brokers/Service,https://www.nasdaq.com/symbol/seb,
SENS,Senseonics Holdings Inc..,2.79,$382.79M,n/a,Capital Goods,Industrial Machinery/Components,https://www.nasdaq.com/symbol/sens,
SVT,Servotronics Inc..,9.94,$24.7M,n/a,Capital Goods,Industrial Machinery/Components,https://www.nasdaq.com/symbol/svt,
SMTS,Sierra Metals Inc.,2.6,$423.31M,n/a,Basic Industries,Precious Metals,https://www.nasdaq.com/symbol/smts,
SIF,SIFCO Industries Inc..,5.15,$29.07M,n/a,Capital Goods,Aerospace,https://www.nasdaq.com/symbol/sif,
SVM,Silvercorp Metals Inc.,2.6,$434.61M,n/a,Basic Industries,Precious Metals,https://www.nasdaq.com/symbol/svm,
SKY,Skyline Corporation,21.42,$179.74M,n/a,Basic Industries,Homebuilding,https://www.nasdaq.com/symbol/sky,
XPL,Solitario Zinc Corp.,0.4598,$26.87M,n/a,Basic Industries,Precious Metals,https://www.nasdaq.com/symbol/xpl,
SCE^B,Southern California Edison Company,22.1865,n/a,n/a,n/a,n/a,https://www.nasdaq.com/symbol/sce^b,
SCE^C,Southern California Edison Company,22.4999,n/a,n/a,n/a,n/a,https://www.nasdaq.com/symbol/sce^c,
SCE^D,Southern California Edison Company,22.51,n/a,n/a,n/a,n/a,https://www.nasdaq.com/symbol/sce^d,
SCE^E,Southern California Edison Company,24.4734,n/a,n/a,n/a,n/a,https://www.nasdaq.com/symbol/sce^e,
SGB,Southwest Georgia Financial Corporation,20.9,$53.12M,n/a,Finance,Major Banks,https://www.nasdaq.com/symbol/sgb,
LOV,Spark Networks Inc..,14.9499,n/a,2017,Consumer Services,Other Consumer Services,https://www.nasdaq.com/symbol/lov,
SRCI,SRC Energy Inc.,9.2,$2.22B,n/a,Energy,Oil & Gas Production,https://www.nasdaq.com/symbol/srci,
SGY.WS,Stone Energy Corporation,n/a,n/a,n/a,n/a,n/a,https://www.nasdaq.com/symbol/sgy.ws,
SSY,SunLink Health Systems Inc..,1.3601,$10.09M,n/a,Health Care,Hospital/Nursing Management,https://www.nasdaq.com/symbol/ssy,
SDPI,Superior Drilling Products Inc..,1.68,$41.22M,2014,Energy,Metal Fabrications,https://www.nasdaq.com/symbol/sdpi,
SYN,Synthetic Biologics Inc.,0.3201,$41.15M,n/a,Health Care,Major Pharmaceuticals,https://www.nasdaq.com/symbol/syn,
TKAT,Takung Art Co., Ltd.,2.1054,$23.56M,n/a,Consumer Services,Other Specialty Stores,https://www.nasdaq.com/symbol/tkat,
TRX,Tanzanian Royalty Exploration Corporation,0.3701,$45.31M,n/a,Basic Industries,Precious Metals,https://www.nasdaq.com/symbol/trx,
TGB,Taseko Mines Limited,1.12,$254.37M,n/a,Basic Industries,Precious Metals,https://www.nasdaq.com/symbol/tgb,
TIK,Tel-Instrument Electronics Corp.,2.4,$7.81M,n/a,Capital Goods,Electrical Products,https://www.nasdaq.com/symbol/tik,
TGC,Tengasco Inc..,0.69,$7.33M,n/a,Energy,Oil & Gas Production,https://www.nasdaq.com/symbol/tgc,
GLU,The Gabelli Global Utility and Income Trust,18.39,$75.61M,2004,n/a,n/a,https://www.nasdaq.com/symbol/glu,
GLU^A,The Gabelli Global Utility and Income Trust,50.3352,n/a,n/a,n/a,n/a,https://www.nasdaq.com/symbol/glu^a,
GGO,The Gabelli Go Anywhere Trust,17.23,$27.74M,2016,n/a,n/a,https://www.nasdaq.com/symbol/ggo,
GGO^A,The Gabelli Go Anywhere Trust,42,n/a,n/a,n/a,n/a,https://www.nasdaq.com/symbol/ggo^a,
TMP,Tompkins Financial Corporation,76.25,$1.16B,n/a,Finance,Major Banks,https://www.nasdaq.com/symbol/tmp,
TAT,Transatlantic Petroleum Ltd,1.3,$65.5M,n/a,Energy,Oil & Gas Production,https://www.nasdaq.com/symbol/tat,
TRXC,TransEnterix Inc..,1.6,$320.08M,n/a,Health Care,Medical/Dental Instruments,https://www.nasdaq.com/symbol/trxc,
TMQ,Trilogy Metals Inc.,1.26,$134.23M,n/a,Basic Industries,Precious Metals,https://www.nasdaq.com/symbol/tmq,
TPHS,Trinity Place Holdings Inc.,6.52,$205.74M,n/a,Consumer Services,Building operators,https://www.nasdaq.com/symbol/tphs,
TRT,Trio-Tech International,5.79,$20.57M,n/a,Technology,Industrial Machinery/Components,https://www.nasdaq.com/symbol/trt,
HTM,U.S. Geothermal Inc.,5.38,$104.88M,n/a,Public Utilities,Electric Utilities: Central,https://www.nasdaq.com/symbol/htm,
UFAB,Unique Fabricating Inc..,8.28,$80.87M,2015,Capital Goods,Auto Parts:O.E.M.,https://www.nasdaq.com/symbol/ufab,
UAMY,United States Antimony Corporation,0.2582,$17.43M,n/a,Capital Goods,Metal Fabrications,https://www.nasdaq.com/symbol/uamy,
UUU,Universal Security Instruments Inc..,1.3001,$3.01M,n/a,Consumer Non-Durables,Electronic Components,https://www.nasdaq.com/symbol/uuu,
UQM,UQM Technologies Inc.,1.3,$70.36M,n/a,Capital Goods,Industrial Machinery/Components,https://www.nasdaq.com/symbol/uqm,
URG,Ur Energy Inc,0.5801,$85.02M,n/a,Basic Industries,Precious Metals,https://www.nasdaq.com/symbol/urg,
UEC,Uranium Energy Corp.,1.26,$198.51M,n/a,Basic Industries,Precious Metals,https://www.nasdaq.com/symbol/uec,
VII,Vicon Industries Inc..,0.41,$7.2M,n/a,Consumer Durables,Telecommunications Equipment,https://www.nasdaq.com/symbol/vii,
VHC,VirnetX Holding Corp,3.85,$234.16M,n/a,Miscellaneous,Multi-Sector Companies,https://www.nasdaq.com/symbol/vhc,
VGZ,Vista Gold Corporation,0.716,$71.18M,n/a,Basic Industries,Precious Metals,https://www.nasdaq.com/symbol/vgz,
VNRX,VolitionRX Limited,2.37,$71.17M,2015,Health Care,Biotechnology: In Vitro & In Vivo Diagnostic Substances,https://www.nasdaq.com/symbol/vnrx,
VISI,Volt Information Sciences Inc..,2.9,$60.98M,n/a,Technology,Professional Services,https://www.nasdaq.com/symbol/visi,
EAD,Wells Fargo Income Opportunities Fund,8.02,$565.56M,2003,n/a,n/a,https://www.nasdaq.com/symbol/ead,
ERC,Wells Fargo Multi-Sector Income Fund,12.97,$453.17M,2003,n/a,n/a,https://www.nasdaq.com/symbol/erc,
ERH,Wells Fargo Utilities and High Income Fund,12.08,$111.67M,2004,n/a,n/a,https://www.nasdaq.com/symbol/erh,
WRN,Western Copper and Gold Corporation,0.78,$77.66M,2011,Basic Industries,Precious Metals,https://www.nasdaq.com/symbol/wrn,
WYY,WidePoint Corporation,0.5474,$45.45M,n/a,Technology,EDP Services,https://www.nasdaq.com/symbol/wyy,
WTT,Wireless Telecom Group,  Inc.,2.31,$52.82M,n/a,Capital Goods,Electrical Products,https://www.nasdaq.com/symbol/wtt,
XTNT,Xtant Medical Holdings Inc..,7.29,$95.36M,n/a,Health Care,Biotechnology: Biological Products (No Diagnostic Substances),https://www.nasdaq.com/symbol/xtnt,
YUMA,Yuma Energy Inc..,1.09,$24.7M,n/a,Energy,Oil & Gas Production,https://www.nasdaq.com/symbol/yuma,
ZDGE,Zedge Inc..,3.2,$32.61M,2016,Technology,Computer Software: Prepackaged Software,https://www.nasdaq.com/symbol/zdge,
ZOM,Zomedica Pharmaceuticals Corp.,2.2,$199.6M,2017,Health Care,Major Pharmaceuticals,https://www.nasdaq.com/symbol/zom,
